{"cameraMode":{"drawMode":0,"name":"Shaded","section":"Shading Mode"},"sceneLighting":false,"audioPlay":false,"sceneViewState":{"m_AlwaysRefresh":false,"showFog":true,"showSkybox":false,"showFlares":true,"showImageEffects":true,"showParticleSystems":true,"showVisualEffectGraphs":true,"m_FxEnabled":true},"in2DMode":false,"pivot":{"x":-30.165000915527345,"y":0.8892080783843994,"z":36.974998474121097},"rotation":{"x":-0.029187751933932306,"y":-0.9399486184120178,"z":0.0837513655424118,"w":-0.3298749625682831},"size":2.1385083198547365,"orthographic":false}