{"cameraMode":{"drawMode":0,"name":"Shaded","section":"Shading Mode"},"sceneLighting":true,"audioPlay":false,"sceneViewState":{"m_AlwaysRefresh":false,"showFog":true,"showSkybox":true,"showFlares":true,"showImageEffects":true,"showParticleSystems":true,"showVisualEffectGraphs":true,"m_FxEnabled":true},"in2DMode":false,"pivot":{"x":-32.89897918701172,"y":8.057830810546875,"z":-20.132614135742189},"rotation":{"x":-0.020107099786400796,"y":0.6294459104537964,"z":-0.01616433821618557,"w":-0.7767680287361145},"size":1.1503911018371583,"orthographic":false}