{"cameraMode":{"drawMode":0,"name":"Shaded","section":"Shading Mode"},"sceneLighting":true,"audioPlay":false,"sceneViewState":{"m_AlwaysRefresh":false,"showFog":true,"showSkybox":true,"showFlares":true,"showImageEffects":true,"showParticleSystems":true,"showVisualEffectGraphs":true,"m_FxEnabled":true},"in2DMode":false,"pivot":{"x":-80.03404998779297,"y":36.64019012451172,"z":75.49443054199219},"rotation":{"x":-0.0056291669607162479,"y":-0.9884554147720337,"z":0.14667099714279176,"w":-0.03796485811471939},"size":0.003799125552177429,"orthographic":false}