{"cameraMode":{"drawMode":0,"name":"Shaded","section":"Shading Mode"},"sceneLighting":true,"audioPlay":false,"sceneViewState":{"m_AlwaysRefresh":false,"showFog":true,"showSkybox":true,"showFlares":true,"showImageEffects":true,"showParticleSystems":true,"showVisualEffectGraphs":true,"m_FxEnabled":true},"in2DMode":false,"pivot":{"x":8.590165138244629,"y":14.162424087524414,"z":0.22220942378044129},"rotation":{"x":-0.15363995730876923,"y":0.7255011200904846,"z":-0.17171882092952729,"w":-0.6486215591430664},"size":18.804418563842775,"orthographic":true}