{"cameraMode":{"drawMode":0,"name":"Shaded","section":"Shading Mode"},"sceneLighting":true,"audioPlay":false,"sceneViewState":{"m_AlwaysRefresh":false,"showFog":true,"showSkybox":true,"showFlares":true,"showImageEffects":true,"showParticleSystems":true,"showVisualEffectGraphs":true,"m_FxEnabled":true},"in2DMode":false,"pivot":{"x":-0.7216911315917969,"y":-1.0934271812438965,"z":-2.710733413696289},"rotation":{"x":-0.14066362380981446,"y":0.8329830169677734,"z":-0.24676015973091126,"w":-0.47483786940574648},"size":7.4671220779418949,"orthographic":true}