{"cameraMode":{"drawMode":0,"name":"Shaded","section":"Shading Mode"},"sceneLighting":true,"audioPlay":false,"sceneViewState":{"m_AlwaysRefresh":false,"showFog":true,"showSkybox":true,"showFlares":true,"showImageEffects":true,"showParticleSystems":true,"showVisualEffectGraphs":true,"m_FxEnabled":true},"in2DMode":false,"pivot":{"x":8.874472618103028,"y":15.695823669433594,"z":4.187042713165283},"rotation":{"x":-0.38291338086128237,"y":0.13653936982154847,"z":-0.057144179940223697,"w":-0.9119978547096252},"size":42.570919036865237,"orthographic":true}