{"cameraMode":{"drawMode":0,"name":"Shaded","section":"Shading Mode"},"sceneLighting":true,"audioPlay":false,"sceneViewState":{"m_AlwaysRefresh":false,"showFog":true,"showSkybox":true,"showFlares":true,"showImageEffects":true,"showParticleSystems":true,"showVisualEffectGraphs":true,"m_FxEnabled":true},"in2DMode":false,"pivot":{"x":16.157564163208009,"y":14.133421897888184,"z":-0.7341415882110596},"rotation":{"x":-0.6699481010437012,"y":0.08057699352502823,"z":-0.07344642281532288,"w":-0.734458327293396},"size":20.091062545776368,"orthographic":true}